Workbook

Sheet How to test
A1: SnugTalk - how to use this sheet
A4: What to do | B4: Work through the 'Test Cases' tab. For each row, follow the Steps and compare what happens with the Expected Result.
A5: Marking a result | B5: In the 'Result' column pick Pass, Fail, Blocked or N/A from the dropdown. The cell colours itself.
B6: Pass = behaved exactly as expected. Fail = did not. Blocked = could not test (something else broken). N/A = not applicable to your device.
A7: If it fails | B7: Put what actually happened in 'Notes / Defect'. Include the page URL, what you clicked, any error text, and a screenshot filename if you took one.
A8: Your name and date | B8: Fill in Tester and Date so we know who saw what.
A9: Priority | B9: Start with High. Those are the ones that block a release.
A10: Filtering | B10: Row 1 has filter arrows - use them to show only your area, or only Fails.
A11: Progress | B11: The 'Summary' tab counts everything automatically as you mark results. Do not type into its coloured formula cells.
A13: Before you start
A14: Test accounts | B14: Ask the team for one MEMBER, one LISTENER and one ADMIN login. Several tests need all three.
A15: Throwaway account | B15: Some tests permanently delete an account. Create a fresh account for those - never use your main one.
A16: Real inbox | B16: Sign-up and password-reset tests need an email address you can actually open.
A17: Browsers | B17: If you can, cover Chrome, Safari and one phone. Note which you used in Notes.
A19: Important
A20: Deleting is permanent | B20: Account deletion cannot be undone. Only ever do it on a throwaway account.
A21: Do not test on real members | B21: If testing against the live site, do not change or delete accounts belonging to real people.
A22: Watch for invented content | B22: Several tests ask you to confirm that fake reviews, fake listeners or fake session history are NOT present. If you see a person, rating or statistic that nobody created during testing, that is a FAIL - please note exactly where.

Sheet Test Cases
A1: ID | B1: Area | C1: Priority | D1: Test Case | E1: Preconditions | F1: Steps | G1: Expected Result | H1: Result | I1: Tester | J1: Date | K1: Notes / Defect
A2: PS-01 | B2: Public site | C2: High | D2: Landing page loads | E2: None | F2: Open https://snugtalk.tech in a fresh browser. | G2: Page renders fully: hero, how it works, not-therapy, FAQ, footer. No console errors.
A3: PS-02 | B3: Public site | C3: High | D3: New logo mark shows | E3: None | F3: Look at the header logo. | G3: A speech bubble with a play triangle inside, in violet-to-amber gradient. NOT a spiral.
A4: PS-03 | B4: Public site | C4: Medium | D4: Favicon in browser tab | E4: None | F4: Look at the browser tab icon. Also check it at a small window size. | G4: The bubble+play mark is visible and recognisable, not a blur or blank.
A5: PS-04 | B5: Public site | C5: Medium | D5: Apple home-screen icon | E5: iPhone/iPad, Safari | F5: Open the site in Safari, Share, 'Add to Home Screen'. | G5: A violet tile with the white bubble+play mark. NOT blank or a screenshot.
A6: PS-05 | B6: Public site | C6: Medium | D6: Social share preview | E6: None | F6: Paste https://snugtalk.tech into WhatsApp, Slack or LinkedIn (do not send). | G6: A wide preview card shows: logo, 'Everyone deserves someone who truly listens.', 'Not therapy'. Not blank.
A7: PS-06 | B7: Public site | C7: High | D7: Header CTA goes to sign in | E7: Logged out | F7: Click 'Get started' in the header. | G7: Lands on /sign-in.
A8: PS-07 | B8: Public site | C8: High | D8: Hero CTA goes to sign in | E8: Logged out | F8: Click 'Get started' in the hero. | G8: Lands on /sign-in. There is only ONE button in the hero, not two.
A9: PS-08 | B9: Public site | C9: Medium | D9: Footer links work | E9: None | F9: Click each footer link: How it works, FAQ, Contact, Privacy policy, Terms of service. | G9: Each navigates correctly. Contact opens a mail client. No 404s.
A10: PS-09 | B10: Public site | C10: High | D10: No fake reviews anywhere | E10: None | F10: Scroll the whole landing page. | G10: NO testimonials, NO star ratings, NO '4.9/5', NO '9,600+ conversations', NO customer quotes.
A11: PS-10 | B11: Public site | C11: High | D11: No invented people | E11: None | F11: Scroll the landing page and open /chat when logged in. | G11: NO listener names/photos (Amara Okonkwo, Mei Lin, Daniel Reyes). NO 'X listeners online now'.
A12: PS-11 | B12: Public site | C12: Medium | D12: FAQ accordion works | E12: None | F12: Click each FAQ question. Click again to close. Use Tab + Enter for one. | G12: Answers expand and collapse. Keyboard works. Only intended item opens.
A13: PS-12 | B13: Public site | C13: High | D13: Not-therapy disclaimer visible | E13: None | F13: Scroll to the footer. | G13: A clear notice that SnugTalk is not therapy/counselling/crisis support.
... A134: S-05 | B134: Security | C134: Medium | D134: Sign out clears the session | E134: Signed in | F134: Sign out, then press the browser Back button. | G134: Protected pages are not shown from cache. Redirected to sign-in.

Sheet Summary
A1: SnugTalk - Test Run Summary
A3: Release / build
A4: Environment | B4: https://snugtalk.tech
A5: Test run date
A6: Tested by
A8: Overall
A9: Total test cases | B9: =COUNTA('Test Cases'!A2:A134) -> 133
A10: Passed | B10: =COUNTIF('Test Cases'!H2:H134,"Pass") -> 0
A11: Failed | B11: =COUNTIF('Test Cases'!H2:H134,"Fail") -> 0
A12: Blocked | B12: =COUNTIF('Test Cases'!H2:H134,"Blocked") -> 0
A13: N/A | B13: =COUNTIF('Test Cases'!H2:H134,"N/A") -> 0
A14: Not yet run | B14: =B9-B10-B11-B12-B13 -> 133
A15: Pass rate (of those run) | B15: =IFERROR(B10/(B10+B11),0) -> 0
A17: High priority only
A18: High priority cases | B18: =COUNTIF('Test Cases'!C2:C134,"High") -> 82
A19: High passed | B19: =COUNTIFS('Test Cases'!C2:C134,"High",'Test Cases'!H2:H134,"Pass") -> 0
A20: High failed | B20: =COUNTIFS('Test Cases'!C2:C134,"High",'Test Cases'!H2:H134,"Fail") -> 0
A22: By area
A23: Area | B23: Cases | C23: Pass | D23: Fail | E23: Blocked | F23: Not run
A24: Public site | B24: =COUNTIF('Test Cases'!B2:B134,A24) -> 18 | C24: =COUNTIFS('Test Cases'!B2:B134,A24,'Test Cases'!H2:H134,"Pass") -> 0 | D24: =COUNTIFS('Test Cases'!B2:B134,A24,'Test Cases'!H2:H134,"Fail") -> 0 | E24: =COUNTIFS('Test Cases'!B2:B134,A24,'Test Cases'!H2:H134,"Blocked") -> 0 | F24: =B24-C24-D24-E24 -> 18
A25: Access control | B25: =COUNTIF('Test Cases'!B2:B134,A25) -> 7 | C25: =COUNTIFS('Test Cases'!B2:B134,A25,'Test Cases'!H2:H134,"Pass") -> 0 | D25: =COUNTIFS('Test Cases'!B2:B134,A25,'Test Cases'!H2:H134,"Fail") -> 0 | E25: =COUNTIFS('Test Cases'!B2:B134,A25,'Test Cases'!H2:H134,"Blocked") -> 0 | F25: =B25-C25-D25-E25 -> 7
A26: Sign up | B26: =COUNTIF('Test Cases'!B2:B134,A26) -> 11 | C26: =COUNTIFS('Test Cases'!B2:B134,A26,'Test Cases'!H2:H134,"Pass") -> 0 | D26: =COUNTIFS('Test Cases'!B2:B134,A26,'Test Cases'!H2:H134,"Fail") -> 0 | E26: =COUNTIFS('Test Cases'!B2:B134,A26,'Test Cases'!H2:H134,"Blocked") -> 0 | F26: =B26-C26-D26-E26 -> 11
A27: Sign in | B27: =COUNTIF('Test Cases'!B2:B134,A27) -> 10 | C27: =COUNTIFS('Test Cases'!B2:B134,A27,'Test Cases'!H2:H134,"Pass") -> 0 | D27: =COUNTIFS('Test Cases'!B2:B134,A27,'Test Cases'!H2:H134,"Fail") -> 0 | E27: =COUNTIFS('Test Cases'!B2:B134,A27,'Test Cases'!H2:H134,"Blocked") -> 0 | F27: =B27-C27-D27-E27 -> 10
A28: Password reset | B28: =COUNTIF('Test Cases'!B2:B134,A28) -> 11 | C28: =COUNTIFS('Test Cases'!B2:B134,A28,'Test Cases'!H2:H134,"Pass") -> 0 | D28: =COUNTIFS('Test Cases'!B2:B134,A28,'Test Cases'!H2:H134,"Fail") -> 0 | E28: =COUNTIFS('Test Cases'!B2:B134,A28,'Test Cases'!H2:H134,"Blocked") -> 0 | F28: =B28-C28-D28-E28 -> 11
A29: Member - chat | B29: =COUNTIF('Test Cases'!B2:B134,A29) -> 9 | C29: =COUNTIFS('Test Cases'!B2:B134,A29,'Test Cases'!H2:H134,"Pass") -> 0 | D29: =COUNTIFS('Test Cases'!B2:B134,A29,'Test Cases'!H2:H134,"Fail") -> 0 | E29: =COUNTIFS('Test Cases'!B2:B134,A29,'Test Cases'!H2:H134,"Blocked") -> 0 | F29: =B29-C29-D29-E29 -> 9
A30: Member - meetings | B30: =COUNTIF('Test Cases'!B2:B134,A30) -> 8 | C30: =COUNTIFS('Test Cases'!B2:B134,A30,'Test Cases'!H2:H134,"Pass") -> 0 | D30: =COUNTIFS('Test Cases'!B2:B134,A30,'Test Cases'!H2:H134,"Fail") -> 0 | E30: =COUNTIFS('Test Cases'!B2:B134,A30,'Test Cases'!H2:H134,"Blocked") -> 0 | F30: =B30-C30-D30-E30 -> 8
A31: Member - settings | B31: =COUNTIF('Test Cases'!B2:B134,A31) -> 10 | C31: =COUNTIFS('Test Cases'!B2:B134,A31,'Test Cases'!H2:H134,"Pass") -> 0 | D31: =COUNTIFS('Test Cases'!B2:B134,A31,'Test Cases'!H2:H134,"Fail") -> 0 | E31: =COUNTIFS('Test Cases'!B2:B134,A31,'Test Cases'!H2:H134,"Blocked") -> 0 | F31: =B31-C31-D31-E31 -> 10
A32: Notifications | B32: =COUNTIF('Test Cases'!B2:B134,A32) -> 6 | C32: =COUNTIFS('Test Cases'!B2:B134,A32,'Test Cases'!H2:H134,"Pass") -> 0 | D32: =COUNTIFS('Test Cases'!B2:B134,A32,'Test Cases'!H2:H134,"Fail") -> 0 | E32: =COUNTIFS('Test Cases'!B2:B134,A32,'Test Cases'!H2:H134,"Blocked") -> 0 | F32: =B32-C32-D32-E32 -> 6
A33: Listener | B33: =COUNTIF('Test Cases'!B2:B134,A33) -> 12 | C33: =COUNTIFS('Test Cases'!B2:B134,A33,'Test Cases'!H2:H134,"Pass") -> 0 | D33: =COUNTIFS('Test Cases'!B2:B134,A33,'Test Cases'!H2:H134,"Fail") -> 0 | E33: =COUNTIFS('Test Cases'!B2:B134,A33,'Test Cases'!H2:H134,"Blocked") -> 0 | F33: =B33-C33-D33-E33 -> 12
A34: Admin | B34: =COUNTIF('Test Cases'!B2:B134,A34) -> 15 | C34: =COUNTIFS('Test Cases'!B2:B134,A34,'Test Cases'!H2:H134,"Pass") -> 0 | D34: =COUNTIFS('Test Cases'!B2:B134,A34,'Test Cases'!H2:H134,"Fail") -> 0 | E34: =COUNTIFS('Test Cases'!B2:B134,A34,'Test Cases'!H2:H134,"Blocked") -> 0 | F34: =B34-C34-D34-E34 -> 15
A35: Look and feel | B35: =COUNTIF('Test Cases'!B2:B134,A35) -> 7 | C35: =COUNTIFS('Test Cases'!B2:B134,A35,'Test Cases'!H2:H134,"Pass") -> 0 | D35: =COUNTIFS('Test Cases'!B2:B134,A35,'Test Cases'!H2:H134,"Fail") -> 0 | E35: =COUNTIFS('Test Cases'!B2:B134,A35,'Test Cases'!H2:H134,"Blocked") -> 0 | F35: =B35-C35-D35-E35 -> 7
A36: Email | B36: =COUNTIF('Test Cases'!B2:B134,A36) -> 4 | C36: =COUNTIFS('Test Cases'!B2:B134,A36,'Test Cases'!H2:H134,"Pass") -> 0 | D36: =COUNTIFS('Test Cases'!B2:B134,A36,'Test Cases'!H2:H134,"Fail") -> 0 | E36: =COUNTIFS('Test Cases'!B2:B134,A36,'Test Cases'!H2:H134,"Blocked") -> 0 | F36: =B36-C36-D36-E36 -> 4
A37: Security | B37: =COUNTIF('Test Cases'!B2:B134,A37) -> 5 | C37: =COUNTIFS('Test Cases'!B2:B134,A37,'Test Cases'!H2:H134,"Pass") -> 0 | D37: =COUNTIFS('Test Cases'!B2:B134,A37,'Test Cases'!H2:H134,"Fail") -> 0 | E37: =COUNTIFS('Test Cases'!B2:B134,A37,'Test Cases'!H2:H134,"Blocked") -> 0 | F37: =B37-C37-D37-E37 -> 5
